,이름,생일
0,테임즈,1986-11-10
1,브룸바,1974-04-21
2,호세,1965-06-02
3,로하스,1990-05-24
4,호세,1965-06-02
5,나바로,1987-10-31
6,페르난데스,1974-11-02
7,우즈,1969-08-19
8,데이비스,1969-10-03
9,쿨바,1966-06-13
10,테임즈,1986-11-10
11,브리또,1972-05-28
12,나바로,1987-10-31
13,샌즈,1987-09-28
14,우즈,1969-08-19
15,서튼,1970-05-14
16,데이비스,1969-10-03
17,테임즈,1986-11-10
18,데이비스,1969-10-03
19,로하스,1990-05-24
20,브룸바,1974-04-21
21,로하스,1990-05-24
22,브리또,1972-05-28
23,러프,1986-07-28
24,로사리오,1989-02-23
25,페르난데스,1988-04-27
26,버나디나,1984-06-12
27,페타지니,1971-06-02
28,크루즈,1973-01-28
29,브리또,1972-05-28
30,데이비스,1969-10-03
31,로마이어,1965-09-27
32,우즈,1969-08-19
33,히메네스,1988-01-18
34,마르테,1983-10-21
35,로맥,1985-09-30
36,아두치,1985-05-15
37,데이비스,1969-10-03
38,프랑코,1961-08-23
39,데이비스,1969-10-03
40,우즈,1969-08-19
41,가르시아,1975-10-29
42,버나디나,1984-06-12
43,호세,1965-06-02
44,클락,1976-03-05
45,샌더스,1969-07-26
46,로맥,1985-09-30
47,라모스,1994-12-28
48,알테어,1991-01-14
49,스크럭스,1987-09-23
50,에레라,1972-08-30
51,러프,1986-07-28
52,데이비스,1969-10-03
53,로맥,1985-09-30
54,디아즈,1971-09-29
55,클리어,1973-08-21
56,러프,1986-07-28
57,클락,1976-03-05
58,에반스,1986-01-30
59,호잉,1989-05-18
60,호잉,1989-05-18
61,스미스,1969-12-18
62,발데스,1973-06-29
63,퀸란,1968-03-27
64,마차도,1992-02-22
65,스미스,1969-12-18
66,터커,1990-07-06
67,로마이어,1965-09-27
68,에반스,1986-01-30
69,서튼,1970-05-14
70,페타지니,1971-06-02
71,펠로우,1973-08-28
73,칸투,1982-01-30
74,마르티네스,1970-10-03
75,페레즈,1969-06-04
76,가르시아,1975-10-29
77,마르티네스,1970-10-03
78,대니돈,1984-07-20
79,피에,1985-02-08
80,로사리오,1989-02-23
81,프랭클린,1972-04-25
82,치멜리스,1967-07-27
83,브리또,1972-05-28
84,퀸란,1968-03-27
85,브리또,1972-05-28
86,번즈,1990-08-07
87,우즈,1969-08-19
88,번즈,1990-08-07
89,브라운,1984-09-10
90,마이로우,1976-09-04
91,마르티네스,1970-10-03
92,로하스,1990-05-24
93,브룸바,1974-04-21
94,클리어,1973-08-21
95,브릭스,1971-12-26
96,필,1984-09-09
97,알드리지,1979-06-13
98,가르시아,1975-10-29
99,산토스,1966-12-29
100,필,1984-09-09
101,마틴,1967-11-24
102,브리또,1972-05-28
103,브룸바,1974-04-21
104,마르테,1983-10-21
105,스나이더,1982-05-25
106,고메즈,1988-03-05
107,풀리엄,1967-10-20
108,피커링,1976-09-29
109,필,1984-09-09
110,로맥,1985-09-30
111,타바레스,1971-03-26
113,히메네스,1988-01-18
114,히메네스,1982-05-07
115,폴,1969-06-21
116,피어슨,1974-01-31
117,화이트,1969-10-12
118,얀,1966-07-24
120,브룸바,1974-04-21
121,라이온,1971-11-15
122,댄블랙,1987-07-02
124,라이온,1971-11-15
125,클락,1976-03-05
127,가르시아,1985-04-12
128,조쉬벨,1986-11-13
129,알칸트라,1971-05-06
130,가르시아,1975-10-29
131,아두치,1985-05-15
132,스크럭스,1987-09-23
133,살라디노,1989-07-20
134,윌리엄스,1964-11-01
135,프랭클린,1972-04-25
136,필립스,1970-04-29
137,초이스,1989-11-10
139,디아즈,1981-12-10
140,로티노,1980-04-07
141,대톨라,1967-11-23
142,페레즈,1969-06-04
143,샌즈,1987-09-28
144,펠릭스,1967-03-10
145,아수아헤,1991-11-02
146,서튼,1970-05-14
147,조셉,1991-07-16
148,로메로,1986-09-24
149,테이텀,1967-10-09
150,시오타니,1974-05-27
152,발디리스,1983-01-05
153,히메네스,1988-01-18
154,페레즈,1969-06-04
155,에레라,1972-08-30
156,한나한,1980-03-04
157,홀,1969-06-17
158,맥스웰,1983-11-06
159,스캇,1978-06-25
160,크루즈,1973-01-28
161,카펜터,1968-07-23
162,캐세레스,1964-06-06
163,바에르가,1968-11-04
164,스몰린스키,1989-02-09
165,쿨바,1972-06-05
168,혼즈,1970-11-02
169,베탄코트,1991-09-02
170,윌리엄슨,1990-07-15
172,가르시아,1975-05-20
173,펠릭스,1967-03-10
174,우드,1967-01-04
176,로니,1984-05-07
177,서브넥,1976-08-21
178,바워스,1971-05-02
179,모건,1980-07-02
180,쿡슨,1969-09-07
181,폭스,1982-07-20
182,알칸트라,1971-05-06
183,쿡슨,1969-09-07
184,스나이더,1982-05-25
186,브래디,1969-11-23
187,발데스,1978-05-20
188,호세,1965-06-02
189,존갈,1978-04-02
196,캐세레스,1964-06-06
197,뮬렌,1967-06-23
241,리오스,1972-10-13
243,해즐베이커,1987-08-14
244,니일,1965-09-14
245,스캇,1975-05-17
246,워스,1985-09-30
249,가코,1981-01-02
250,카날리,1965-08-01
251,왓슨,1978-09-05
253,타바레스,1971-03-26
255,퀸란,1968-03-27
256,부시,1968-07-07
258,루츠,1986-06-03
259,디아즈,1971-09-29
260,헤어,1967-03-26
261,포조,1973-08-24
262,모터,1989-09-18
263,반슬라이크,1986-07-24
265,로페즈,1974-10-15
266,대니돈,1984-07-20
267,호잉,1989-05-18
268,모넬,1986-03-27
270,파레디스,1988-11-25
