,선수,G,타석,타수,득점,안타,2타,3타,홈런,루타,타점,도루,도실,볼넷,사구,고4,삼진,병살,희타,희비,타율,출루,장타,OPS,wOBA,wRC+,WAR+,생일
0,테임즈15N1B,142,595,472,130,180,42,5,47,373,140,40,8,103,13,11,91,7,0,7,.381,.498,.790,1.288,.530,222.3,10.71,1986-11-10
1,브룸바04현LF,132,594,475,92,163,25,1,33,289,105,7,8,114,1,10,79,10,0,4,.343,.468,.608,1.076,.473,190.6,8.37,1974-04-21
2,호세01롯LF,117,499,367,90,123,20,2,36,255,102,7,4,127,1,28,72,4,0,4,.335,.503,.695,1.198,.498,199.3,7.89,1965-06-02
3,로하스20KRF,142,628,550,116,192,39,1,47,374,135,0,1,65,5,5,132,11,0,8,.349,.417,.680,1.097,.467,180.8,7.80,1990-05-24
4,호세99롯LF,132,553,462,93,151,29,3,36,294,122,12,3,79,5,7,119,8,0,7,.327,.425,.636,1.061,.443,164.4,6.64,1965-06-02
5,나바로15삼2B,140,643,534,126,153,19,1,48,318,137,22,6,93,6,8,72,10,1,9,.287,.393,.596,.988,.416,143.1,6.45,1987-10-31
6,페르난데스02S3B,132,556,499,81,140,24,0,45,299,107,4,4,49,7,2,114,8,0,1,.281,.353,.599,.952,.404,153.3,6.39,1974-11-02
7,우즈98O1B,126,521,452,77,138,14,1,42,280,103,1,2,65,2,5,115,13,0,2,.305,.394,.619,1.013,.434,181.2,6.38,1969-08-19
8,데이비스05한CF,118,507,431,90,139,24,0,24,235,86,7,3,65,5,7,76,8,0,6,.323,.412,.545,.958,.424,160.4,6.35,1969-10-03
9,쿨바98현3B,115,471,410,68,130,27,1,26,237,97,2,3,51,5,3,102,5,0,5,.317,.395,.578,.973,.421,169.8,6.35,1966-06-13
10,테임즈14N1B,125,514,443,95,152,30,6,37,305,121,11,2,58,7,5,99,6,0,6,.343,.422,.688,1.111,.464,168.3,6.32,1986-11-10
11,브리또01SSS,122,510,422,59,135,27,0,22,228,80,7,3,57,24,7,53,12,2,5,.320,.425,.540,.966,.426,151.0,6.23,1972-05-28
12,나바로14삼2B,125,602,500,118,154,27,1,31,276,98,25,9,96,1,1,71,7,0,5,.308,.417,.552,.969,.424,139.2,6.23,1987-10-31
13,샌즈19키RF,139,613,525,100,160,39,1,28,285,113,1,2,77,6,1,101,17,0,5,.305,.396,.543,.939,.421,163.6,6.21,1987-09-28
14,우즈00두1B,127,565,479,91,151,22,0,39,290,111,4,1,77,6,5,132,13,0,3,.315,.414,.605,1.020,.437,166.6,6.12,1969-08-19
15,서튼05현LF,119,521,424,76,124,18,2,35,251,102,0,2,86,4,8,101,3,0,7,.292,.411,.592,1.003,.435,168.8,6.05,1970-05-14
16,데이비스01한CF,130,564,496,95,166,21,0,30,277,96,15,9,60,2,9,74,15,0,6,.335,.404,.558,.963,.421,145.8,6.04,1969-10-03
17,테임즈16N1B,123,529,436,118,140,30,3,40,296,121,13,4,74,12,6,103,2,0,7,.321,.427,.679,1.106,.463,170.5,5.97,1986-11-10
18,데이비스99한CF,130,578,525,93,172,31,3,30,299,106,35,18,41,5,1,93,14,2,5,.328,.379,.570,.948,.404,138.0,5.79,1969-10-03
19,로하스18KCF,144,645,564,114,172,30,1,43,333,114,18,13,71,7,4,142,10,1,2,.305,.388,.590,.979,.410,138.5,5.66,1990-05-24
20,브룸바07현DH,126,547,438,75,135,13,0,29,235,87,3,2,100,4,12,70,17,0,5,.308,.437,.537,.974,.437,174.1,5.56,1974-04-21
21,로하스19KCF,142,577,520,68,167,29,3,24,274,104,4,4,49,3,5,120,4,0,5,.321,.380,.527,.907,.405,150.6,5.47,1990-05-24
22,브리또00SSS,103,452,405,65,137,26,4,15,216,70,3,2,31,11,2,55,8,3,2,.338,.399,.533,.932,.408,144.9,5.29,1972-05-28
23,러프18삼1B,137,597,506,97,167,32,4,33,306,125,5,3,65,18,0,107,17,0,8,.330,.419,.605,1.024,.432,152.9,5.28,1986-07-28
24,로사리오17한1B,119,510,445,100,151,30,1,37,294,111,10,5,50,10,4,61,12,0,5,.339,.414,.661,1.074,.450,165.3,5.18,1989-02-23
25,페르난데스19두DH,144,645,572,87,197,34,0,15,276,88,1,2,61,6,4,54,16,0,6,.344,.409,.483,.892,.408,155.2,5.15,1988-04-27
26,버나디나17KCF,139,621,557,118,178,26,8,27,301,111,32,7,41,11,2,112,9,3,9,.320,.372,.540,.913,.390,128.4,5.12,1984-06-12
27,페타지니09LDH,115,498,388,62,129,16,0,26,223,100,2,0,97,7,9,70,7,0,6,.332,.468,.575,1.043,.454,170.5,5.12,1971-06-02
28,크루즈07한DH,121,498,418,68,134,30,0,22,230,85,1,0,69,7,6,73,15,0,4,.321,.422,.550,.972,.438,174.1,5.10,1973-01-28
29,브리또02삼SS,128,545,481,89,136,29,0,25,240,90,1,2,35,21,3,84,10,4,4,.283,.355,.499,.854,.369,128.1,5.07,1972-05-28
30,데이비스06한CF,117,479,415,62,118,21,0,21,202,74,7,6,55,4,7,85,10,0,5,.284,.370,.487,.856,.388,147.3,4.98,1969-10-03
31,로마이어99한DH,132,572,487,91,142,30,3,45,313,109,6,2,74,6,4,100,8,0,5,.292,.388,.643,1.031,.426,152.4,4.93,1965-09-27
32,우즈01두1B,118,525,436,101,127,16,2,34,249,113,12,3,83,1,4,114,11,0,5,.291,.402,.571,.973,.423,150.2,4.90,1969-08-19
33,히메네스16L3B,135,579,523,101,161,36,0,26,275,102,18,9,39,10,2,67,8,1,6,.308,.363,.526,.889,.388,126.8,4.85,1988-01-18
34,마르테15k3B,115,487,425,85,148,32,1,20,242,89,0,0,51,2,7,60,19,0,8,.348,.414,.569,.983,.424,149.0,4.83,1983-10-21
35,로맥18S1B,141,616,528,102,167,19,0,43,315,107,10,5,72,10,0,123,7,0,6,.316,.404,.597,1.001,.422,144.1,4.78,1985-09-30
36,아두치15롯CF,132,594,526,105,165,34,5,28,293,106,24,10,55,8,8,118,9,1,4,.314,.385,.557,.942,.405,135.2,4.71,1985-05-15
37,데이비스00한CF,107,458,419,72,140,29,1,22,237,80,21,7,25,2,1,92,15,3,9,.334,.367,.566,.933,.399,137.8,4.70,1969-10-03
38,프랑코00삼RF,132,549,477,79,156,19,1,22,243,110,12,5,63,2,5,86,11,0,7,.327,.403,.509,.912,.401,139.5,4.69,1961-08-23
39,데이비스04한CF,119,510,440,70,128,26,1,19,213,77,9,5,61,3,4,89,12,2,4,.291,.378,.484,.862,.387,131.4,4.61,1969-10-03
40,우즈99두1B,124,544,454,90,135,20,0,34,257,101,5,2,83,3,8,126,14,0,4,.297,.406,.566,.972,.412,146.1,4.55,1969-08-19
41,가르시아08롯RF,125,513,460,68,130,25,2,30,249,111,2,1,48,3,6,100,10,0,2,.283,.353,.541,.894,.399,144.9,4.55,1975-10-29
42,버나디나18KCF,131,590,513,106,159,25,3,20,250,70,32,13,63,10,3,103,9,3,1,.310,.395,.487,.883,.385,125.4,4.55,1984-06-12
43,호세06롯DH,122,504,415,59,115,21,0,22,202,78,3,2,84,2,5,83,13,0,3,.277,.399,.487,.886,.405,163.0,4.47,1965-06-02
44,클락08한CF,125,546,472,96,116,25,3,22,213,79,25,5,63,5,4,78,8,1,5,.246,.338,.451,.789,.359,115.8,4.44,1976-03-05
45,샌더스99해1B,125,526,409,86,101,14,0,40,235,94,3,0,105,7,1,133,5,4,1,.247,.408,.575,.983,.414,145.0,4.43,1969-07-26
46,로맥20S1B,139,586,485,85,137,32,0,32,265,91,4,2,91,6,5,116,5,0,4,.282,.399,.546,.946,.414,142.5,4.38,1985-09-30
47,라모스20L1B,117,494,431,74,120,17,2,38,255,86,2,0,55,4,5,136,7,0,4,.278,.362,.592,.954,.407,153.8,4.37,1994-12-28
48,알테어20NCF,136,546,482,90,134,20,7,31,261,108,22,3,46,12,3,149,10,0,6,.278,.352,.541,.893,.387,123.7,4.37,1991-01-14
49,스크럭스17N1B,115,518,437,91,131,24,0,35,260,111,4,0,65,12,2,134,9,0,4,.300,.402,.595,.997,.423,150.1,4.26,1987-09-23
50,에레라01SCF,103,450,418,61,142,27,1,15,216,63,15,7,24,5,4,53,11,1,2,.340,.381,.517,.898,.399,132.8,4.22,1972-08-30
51,러프19삼1B,133,568,472,80,138,35,2,22,243,101,6,3,80,7,6,87,18,0,9,.292,.396,.515,.911,.406,145.9,4.19,1986-07-28
52,데이비스02한CF,115,456,404,56,116,23,1,21,204,72,14,9,46,4,5,97,6,0,2,.287,.364,.505,.869,.377,132.9,4.17,1969-10-03
53,로맥19S1B,137,589,504,86,139,28,1,29,256,95,6,3,73,6,3,117,11,0,6,.276,.370,.508,.878,.393,137.1,4.06,1985-09-30
54,디아즈03S3B,112,485,439,56,125,26,0,22,217,63,5,0,32,10,1,47,11,0,4,.285,.344,.494,.839,.371,123.5,4.04,1971-09-29
55,클리어05LRF,110,453,402,64,122,23,4,15,198,61,19,5,36,10,3,85,8,0,5,.303,.371,.493,.863,.387,137.7,4.03,1973-08-21
56,러프17삼1B,134,591,515,90,162,38,0,31,293,124,2,2,60,12,4,107,14,0,4,.315,.396,.569,.965,.414,142.6,3.92,1986-07-28
57,클락09히LF,125,559,486,85,141,24,4,24,245,90,23,8,65,3,2,85,14,0,2,.290,.376,.504,.880,.386,124.1,3.88,1976-03-05
58,에반스16두DH,118,481,400,69,123,31,0,24,226,81,0,0,69,5,0,90,10,0,7,.308,.410,.565,.975,.425,150.6,3.76,1986-01-30
59,호잉18한RF,142,590,529,85,162,47,2,30,303,110,23,9,51,5,10,93,5,0,5,.306,.370,.573,.942,.391,124.8,3.72,1989-05-18
60,호잉19한RF,124,525,476,74,135,26,2,18,219,73,22,7,38,5,5,90,6,1,5,.284,.340,.460,.800,.359,120.6,3.50,1989-05-18
61,스미스00삼LDH,118,484,423,71,122,27,1,35,256,100,0,1,53,2,3,120,17,0,6,.288,.366,.605,.971,.409,145.9,3.49,1969-12-18
62,발데스07LRF,116,512,435,50,123,15,0,13,177,72,4,1,70,2,4,49,14,0,5,.283,.381,.407,.788,.368,127.1,3.37,1973-06-29
63,퀸란00현3B,133,537,487,74,115,23,2,37,253,91,2,1,36,11,1,173,6,1,2,.236,.302,.520,.822,.350,106.4,3.30,1968-03-27
64,마차도20롯SS,144,560,486,79,136,31,1,12,205,67,15,1,54,8,2,60,20,4,8,.280,.356,.422,.778,.351,102.4,3.25,1992-02-22
65,스미스99삼LF,123,442,408,70,117,20,1,40,259,98,1,1,25,2,2,100,8,1,6,.287,.327,.635,.961,.391,130.3,3.22,1969-12-18
66,터커19KRF,95,399,357,50,111,33,0,9,171,50,0,0,38,3,0,44,12,0,1,.311,.381,.479,.860,.393,140.4,3.21,1990-07-06
67,로마이어00한DH,123,534,473,73,140,30,0,29,257,96,3,2,53,4,2,115,19,0,4,.296,.369,.543,.912,.395,135.4,3.19,1965-09-27
68,에반스17두DH,138,581,514,82,152,19,0,27,252,90,2,0,61,3,0,114,15,0,3,.296,.372,.490,.862,.379,128.6,3.18,1986-01-30
69,서튼06현DH,93,394,331,50,88,18,1,18,162,61,0,0,59,2,2,72,9,0,2,.266,.378,.489,.868,.397,155.2,3.17,1970-05-14
70,페타지니08L1B,68,259,216,29,75,17,1,7,115,35,1,0,40,2,1,26,5,0,1,.347,.452,.532,.984,.452,180.8,3.16,1971-06-02
71,펠로우05롯RF,109,443,398,56,113,15,1,23,199,69,3,4,30,11,2,84,6,0,4,.284,.348,.500,.848,.378,131.8,3.14,1973-08-28
72,이시온03롯,90,377,338,45,98,19,1,13,158,45,7,1,33,6,1,92,10,0,0,.290,.363,.467,.831,.373,125.0,3.10,1975-09-24
73,칸투14두1B,111,419,376,56,116,25,1,18,197,72,1,0,34,7,0,85,11,0,2,.309,.375,.524,.899,.395,134.8,3.10,1982-01-30
74,마르티네스01삼LF,128,550,482,93,134,27,2,25,240,96,28,11,50,7,4,79,12,2,9,.278,.349,.498,.847,.370,113.2,3.10,1970-10-03
75,페레즈04롯LF,125,532,490,60,154,17,0,18,225,86,7,6,33,5,6,66,19,1,3,.314,.362,.459,.821,.370,121.3,3.09,1969-06-04
76,가르시아09롯RF,130,539,467,72,124,29,1,29,242,84,4,3,62,5,2,124,11,0,5,.266,.354,.518,.873,.378,119.2,3.08,1975-10-29
77,마르티네스03LRF,131,552,483,70,132,29,2,17,216,70,27,14,53,8,1,67,3,1,7,.273,.350,.447,.798,.357,113.5,3.05,1970-10-03
78,대니돈16넥RF,129,497,417,65,123,33,1,16,206,70,1,0,70,5,4,72,8,1,4,.295,.399,.494,.893,.398,123.4,3.03,1984-07-20
79,피에14한CF,119,498,445,61,145,33,2,17,233,92,9,11,41,0,1,60,11,0,12,.326,.374,.524,.897,.390,115.7,3.03,1985-02-08
80,로사리오16한1B,127,532,492,78,158,31,2,33,292,120,1,3,33,4,3,90,16,1,2,.321,.367,.594,.961,.411,131.0,3.01,1989-02-23
81,프랭클린02현3B,49,198,152,30,42,9,1,14,95,30,4,2,34,10,3,52,2,0,2,.276,.434,.625,1.059,.445,180.7,3.01,1972-04-25
82,치멜리스98한2B,118,455,409,48,114,22,0,17,187,63,1,3,29,5,4,58,7,9,3,.279,.332,.457,.789,.341,112.7,2.93,1967-07-27
83,브리또03삼SS,102,433,380,59,97,17,1,20,176,58,2,2,31,10,0,58,8,9,3,.255,.326,.463,.789,.343,103.6,2.81,1972-05-28
84,퀸란01현3B,123,474,414,66,100,13,1,28,199,66,0,4,49,10,2,160,4,0,1,.242,.335,.481,.816,.361,107.6,2.79,1968-03-27
85,브리또05한SS,78,308,287,34,82,14,0,17,147,43,0,1,11,8,0,45,11,0,2,.286,.328,.512,.840,.374,127.3,2.74,1972-05-28
86,번즈18롯2B,133,505,462,80,124,34,5,23,237,64,5,2,33,9,2,133,8,1,0,.268,.329,.513,.842,.356,103.2,2.67,1990-08-07
87,우즈02두1B,119,469,407,53,104,18,3,25,203,82,5,2,50,5,3,123,11,0,7,.256,.339,.499,.838,.360,122.6,2.64,1969-08-19
88,번즈17롯2B,116,468,423,71,128,38,0,15,211,57,10,7,29,11,0,100,18,2,3,.303,.361,.499,.859,.375,116.2,2.62,1990-08-07
89,브라운15SRF,138,539,464,82,121,21,2,28,230,76,5,2,66,7,4,127,12,0,2,.261,.360,.496,.856,.374,118.8,2.61,1984-09-10
90,마이로우06롯LF,70,269,208,42,48,9,1,12,95,30,0,2,52,6,0,74,2,1,2,.231,.396,.457,.852,.394,155.0,2.61,1976-09-04
91,마르티네스02LRF,109,468,409,59,114,19,1,15,180,69,22,12,49,4,7,70,5,0,6,.279,.357,.440,.797,.349,114.7,2.56,1970-10-03
92,로하스17kCF,83,367,336,52,101,27,3,18,188,56,5,8,23,5,0,81,6,0,3,.301,.352,.560,.911,.388,124.7,2.53,1990-05-24
93,브룸바03현LF,70,297,264,45,80,18,1,14,142,51,3,5,29,2,0,43,6,0,2,.303,.374,.538,.912,.401,143.8,2.50,1974-04-21
94,클리어06한2B,93,323,284,37,77,14,0,7,112,25,6,4,33,5,0,60,9,0,1,.271,.356,.394,.750,.354,123.8,2.50,1973-08-21
95,브릭스99해CF,115,382,361,48,102,14,6,23,197,74,6,3,13,3,0,85,7,3,2,.283,.311,.546,.857,.357,108.2,2.48,1971-12-26
96,필15K1B,143,591,536,81,174,35,1,22,277,101,14,10,43,3,6,74,12,0,9,.325,.372,.517,.889,.387,123.8,2.44,1984-09-09
97,알드리지11넥LF,117,480,414,55,98,20,1,20,180,73,6,2,59,2,2,139,5,0,5,.237,.331,.435,.766,.351,110.6,2.40,1979-06-13
98,가르시아10롯RF,118,485,429,73,108,16,1,26,204,83,3,0,49,2,1,123,4,0,5,.252,.328,.476,.803,.356,109.3,2.40,1975-10-29
99,산토스01해DH,130,541,484,74,150,19,0,26,247,107,1,0,46,1,8,66,17,1,9,.310,.365,.510,.875,.382,121.2,2.38,1966-12-29
100,필14K1B,92,389,362,64,112,27,0,19,196,66,10,1,22,3,1,65,10,0,2,,,,,,,2.37,1984-09-09
101,마틴04LDH,107,420,358,45,104,16,4,9,155,52,7,0,51,6,3,57,7,0,5,,,,,,,2.35,1967-11-24
102,브리또04S3B,102,421,368,41,96,18,0,13,153,50,0,2,34,15,4,57,5,1,3,,,,,,,2.34,1972-05-28
103,브룸바08히DH,102,420,358,39,105,17,0,13,161,61,1,1,56,2,6,79,12,0,4,,,,,,,2.27,1974-04-21
104,마르테16k3B,91,381,325,52,86,16,0,22,168,74,0,0,50,1,0,51,12,0,5,,,,,,,2.27,1983-10-21
105,스나이더15넥RF,113,487,431,88,121,26,1,26,227,71,4,2,37,11,0,135,2,3,5,,,,,,,2.26,1982-05-25
106,고메즈16SSS,117,492,456,74,129,31,0,21,223,62,16,8,25,5,2,87,11,2,4,,,,,,,2.19,1988-03-05
107,풀리엄00SCF,91,326,288,46,77,13,1,16,140,55,2,2,27,7,1,55,11,0,4,,,,,,,2.18,1967-10-20
108,피커링06S1B,60,249,212,23,59,11,0,9,97,34,2,0,31,5,1,62,5,0,1,,,,,,,2.13,1976-09-29
109,필16K1B,132,544,499,71,156,37,1,20,255,86,10,3,33,5,0,70,16,0,7,,,,,,,2.12,1984-09-09
110,로맥17SRF,102,416,359,58,87,19,0,31,199,64,1,1,50,6,2,116,6,0,1,,,,,,,2.03,1985-09-30
111,타바레스00해LF,74,334,305,39,102,15,2,3,130,44,31,10,21,1,1,32,2,4,3,,,,,,,2.03,1971-03-26
112,펨버튼02K,75,316,271,28,69,13,1,11,117,48,2,1,23,19,3,56,6,0,3,,,,,,,2.00,1969-12-17
113,히메네스15L3B,70,299,279,37,87,17,2,11,141,46,8,2,12,4,1,48,4,0,4,,,,,,,1.97,1988-01-18
114,히메네스14롯1B,80,303,260,42,82,15,0,14,139,61,0,2,41,1,2,57,11,0,1,,,,,,,1.94,1982-05-07
115,폴02현DH,113,441,397,48,111,18,2,18,187,64,3,2,35,6,1,115,11,1,2,,,,,,,1.91,1969-06-21
116,피어슨99현DH,129,561,502,67,145,12,0,31,250,108,0,1,47,5,3,85,9,0,7,,,,,,,1.88,1974-01-31
117,화이트00롯RF,74,322,294,33,89,17,1,11,141,53,4,3,25,2,2,60,9,0,1,,,,,,,1.87,1969-10-12
118,얀01롯1B,106,390,330,52,89,18,0,17,158,62,1,1,52,2,2,88,7,0,6,,,,,,,1.86,1966-07-24
119,오리어리04삼,63,240,211,30,56,14,2,10,104,28,0,0,23,4,1,37,7,0,2,,,,,,,1.84,1969-08-04
120,브룸바09히DH,123,526,436,69,107,21,1,27,211,86,2,2,86,2,9,111,17,0,2,,,,,,,1.80,1974-04-21
121,라이온05롯1B,125,534,492,65,132,40,3,11,211,73,7,3,37,2,3,70,11,2,1,,,,,,,1.79,1971-11-15
122,댄블랙15k1B,54,225,198,25,66,10,1,12,114,32,0,0,25,2,2,52,4,0,0,,,,,,,1.77,1987-07-02
123,잉글린02S,78,279,248,33,70,18,0,6,106,36,0,1,23,5,0,47,5,0,3,,,,,,,1.73,1975-10-08
124,라이온04롯DH,102,438,404,52,121,28,0,12,185,55,3,1,25,5,2,66,5,1,3,,,,,,,1.72,1971-11-15
125,클락10넥LF,92,397,347,58,92,16,2,12,148,50,12,7,43,1,2,72,9,0,6,,,,,,,1.61,1976-03-05
126,엔젤04한,40,156,131,21,36,3,0,9,66,27,2,0,23,2,0,30,4,0,0,,,,,,,1.60,1975-02-16
127,가르시아18L3B,50,206,183,27,62,9,0,8,95,34,5,0,9,8,0,25,3,0,6,,,,,,,1.53,1985-04-12
128,조쉬벨14L3B,63,275,240,33,64,8,1,10,104,39,3,0,30,1,1,56,10,0,4,,,,,,,1.47,1986-11-13
129,알칸트라03LDH,79,325,292,38,82,12,2,16,146,44,0,1,29,1,3,64,8,0,3,,,,,,,1.46,1971-05-06
130,가르시아11한RF,72,292,268,37,66,12,0,18,132,61,1,5,24,0,1,55,5,0,0,,,,,,,1.42,1975-10-29
131,아두치16롯CF,64,272,247,46,72,18,3,7,117,41,15,2,18,1,1,59,5,1,5,,,,,,,1.41,1985-05-15
132,스크럭스18N1B,142,571,501,75,129,35,0,26,242,97,3,2,55,12,2,144,14,0,3,,,,,,,1.41,1987-09-23
133,살라디노20삼LF,44,163,132,26,37,8,0,6,63,27,6,1,23,7,0,41,3,0,1,,,,,,,1.35,1989-07-20
134,윌리엄스00현1B,37,164,133,22,33,7,0,12,76,26,0,0,25,4,0,36,4,0,2,,,,,,,1.29,1964-11-01
135,프랭클린03현3B,38,167,136,24,30,4,0,10,64,28,6,2,25,3,0,57,0,0,3,,,,,,,1.29,1972-04-25
136,필립스01현1B,66,260,230,37,60,10,0,15,115,46,1,0,25,5,0,62,10,0,0,,,,,,,1.24,1970-04-29
137,초이스18넥RF,96,397,349,55,90,19,0,17,160,61,2,1,33,10,2,79,4,0,5,,,,,,,1.19,1989-11-10
138,로마이어01L,60,239,205,28,55,8,1,11,98,47,0,2,25,2,5,50,6,0,7,,,,,,,1.15,1965-09-27
139,디아즈09한RF,62,229,207,37,55,14,0,15,114,39,2,1,17,2,2,76,11,0,3,,,,,,,1.13,1981-12-10
140,로티노14넥LF,79,247,216,30,66,18,0,2,90,22,2,0,29,1,3,22,7,0,1,,,,,,,1.11,1980-04-07
141,대톨라99LRF,101,298,265,33,74,12,1,9,115,42,0,0,26,4,0,49,6,0,3,,,,,,,1.11,1967-11-23
142,페레즈03롯DH,50,204,194,32,61,14,0,9,102,30,2,3,7,2,0,13,5,0,1,,,,,,,1.10,1969-06-04
143,샌즈18넥RF,25,93,86,17,27,1,1,12,66,37,0,1,6,0,0,27,2,0,1,,,,,,,1.05,1987-09-28
144,펠릭스98LDH,33,139,123,16,36,6,0,6,60,21,0,1,11,5,0,38,1,0,0,,,,,,,0.97,1967-03-10
145,아수아헤19롯2B,48,194,163,34,41,5,4,2,60,21,3,2,26,1,1,24,0,3,1,,,,,,,0.93,1991-11-02
146,서튼07KLF,34,128,106,14,29,7,0,3,45,10,0,0,21,1,4,25,0,0,0,,,,,,,0.93,1970-05-14
147,조셉19L1B,55,217,197,17,54,3,0,9,84,36,0,1,14,4,0,46,3,0,2,,,,,,,0.93,1991-07-16
148,로메로15두1B,76,305,265,30,67,16,0,12,119,50,2,0,29,4,1,48,9,0,7,,,,,,,0.92,1986-09-24
149,테이텀00L3B,20,84,72,12,21,4,1,4,39,10,0,0,10,2,1,12,2,0,0,,,,,,,0.91,1967-10-09
150,시오타니06S3B,23,103,91,15,27,4,0,3,40,19,1,0,7,2,1,12,2,0,3,,,,,,,0.90,1974-05-27
151,미첼00해,77,279,238,33,54,8,0,8,86,38,3,2,38,2,0,51,7,0,1,,,,,,,0.90,1969-08-06
152,발디리스16삼3B,44,190,154,24,41,6,0,8,71,33,0,0,31,2,0,17,9,0,3,,,,,,,0.84,1983-01-05
153,히메네스17L3B,51,198,181,29,50,6,1,7,79,30,3,5,13,3,0,19,8,0,1,,,,,,,0.82,1988-01-18
154,페레즈07롯RF,47,184,176,21,48,8,0,8,80,28,1,1,4,3,1,21,8,0,1,,,,,,,0.78,1969-06-04
155,에레라02롯RF,53,222,210,23,64,8,1,6,92,20,2,5,8,1,2,28,1,2,1,,,,,,,0.78,1972-08-30
156,한나한15LDH,32,126,107,17,35,9,0,4,56,22,0,0,12,3,0,31,4,1,3,,,,,,,0.76,1980-03-04
157,홀99삼CF,116,458,414,73,101,12,3,4,131,23,47,11,34,2,0,68,5,6,2,,,,,,,0.76,1969-06-17
158,맥스웰16롯CF,23,99,80,14,23,3,1,4,40,16,2,2,15,3,0,25,0,0,1,,,,,,,0.75,1983-11-06
159,스캇14SDH,33,130,105,17,28,7,0,6,53,17,0,0,20,3,1,18,1,0,2,,,,,,,0.72,1978-06-25
160,크루즈08삼1B,43,181,156,21,44,8,0,2,58,21,1,0,20,3,1,25,9,0,2,,,,,,,0.70,1973-01-28
161,카펜터00현LF,39,158,142,23,40,7,0,5,62,32,5,2,13,1,0,32,1,0,2,,,,,,,0.69,1968-07-23
162,캐세레스98O2B,113,444,408,40,102,13,1,2,123,36,18,5,24,3,1,53,6,8,1,,,,,,,0.65,1964-06-06
163,바에르가01삼2B,39,131,120,18,33,3,2,4,52,17,0,0,6,4,1,12,5,0,1,,,,,,,0.62,1968-11-04
164,스몰린스키19NRF,55,228,205,32,47,14,1,9,90,42,3,1,16,5,0,31,7,0,2,,,,,,,0.60,1989-02-09
165,쿨바03두3B,44,162,149,15,32,6,0,10,68,24,0,0,12,1,0,46,4,0,0,,,,,,,0.60,1972-06-05
166,뉴선02K,35,133,115,15,24,5,0,7,50,17,3,1,17,0,1,38,3,0,1,,,,,,,0.60,1964-07-03
167,배스00해,15,68,59,13,16,4,0,3,29,13,3,1,9,0,0,22,3,0,0,,,,,,,0.56,1974-06-22
168,혼즈00SLF,23,89,82,8,26,6,1,1,37,10,0,0,7,0,0,14,5,0,0,,,,,,,0.52,1970-11-02
169,베탄코트19NRF,53,224,203,23,50,8,0,8,82,29,1,1,18,1,0,51,1,0,2,,,,,,,0.49,1991-09-02
170,윌리엄슨19삼RF,40,168,154,19,42,7,1,4,63,15,0,1,13,0,0,50,2,0,1,,,,,,,0.47,1990-07-15
171,마테오05L,34,149,130,18,29,3,0,5,47,20,2,1,12,4,0,36,1,0,3,,,,,,,0.39,1978-02-10
172,가르시아02한SS,24,77,73,7,19,3,1,2,30,8,5,3,4,0,0,20,1,0,0,,,,,,,0.38,1975-05-20
173,펠릭스99LDH,97,384,336,53,85,18,1,13,144,58,1,0,41,2,4,85,6,0,5,,,,,,,0.35,1967-03-10
174,우드00롯CF,35,122,110,10,28,9,0,1,40,9,1,1,11,1,1,20,3,0,0,,,,,,,0.34,1967-01-04
175,스미스05한,30,109,100,11,22,3,0,6,43,19,0,0,7,1,0,25,3,0,1,,,,,,,0.34,1970-05-07
176,로니17L1B,23,93,79,7,22,5,0,3,36,12,0,0,11,1,1,14,1,0,2,,,,,,,0.34,1984-05-07
177,서브넥06K3B,40,151,143,14,32,3,1,4,49,15,2,1,6,1,0,17,2,0,1,,,,,,,0.31,1976-08-21
178,바워스99현RF,43,134,124,17,36,6,3,3,57,12,0,6,6,2,0,27,3,0,2,,,,,,,0.23,1971-05-02
179,모건15한CF,10,42,33,2,9,2,0,0,11,5,1,1,4,4,0,8,1,0,1,,,,,,,0.21,1980-07-02
180,쿡슨00LRF,20,86,81,14,18,2,1,6,40,20,1,0,5,0,1,25,4,0,0,,,,,,,0.19,1969-09-07
181,폭스15한DH,38,121,108,16,30,4,0,7,55,25,0,0,8,3,1,27,9,0,2,,,,,,,0.16,1982-07-20
182,알칸트라04두DH,37,151,130,19,30,4,0,6,52,25,0,1,17,2,0,40,2,0,2,,,,,,,0.16,1971-05-06
183,쿡슨03LRF,23,86,70,6,15,0,0,2,21,5,1,1,14,2,0,19,3,0,0,,,,,,,0.14,1969-09-07
184,스나이더14LCF,37,113,100,17,21,7,0,4,40,17,0,2,9,3,0,31,0,0,1,,,,,,,0.14,1982-05-25
185,박정현20한SS,30,64,61,6,17,3,0,1,23,9,0,0,3,0,0,17,2,0,0,,,,,,,0.14,2001-07-27
186,브래디98롯DH,70,169,155,18,40,6,4,3,63,6,4,1,6,2,1,30,3,6,0,,,,,,,0.11,1969-11-23
187,발데스08KSS,47,176,156,17,34,9,1,1,48,16,13,4,9,1,0,19,2,9,1,,,,,,,0.10,1978-05-20
188,호세07롯DH,23,100,86,5,22,4,0,1,29,12,0,0,14,0,3,12,3,0,0,,,,,,,0.10,1965-06-02
189,존갈06롯RF,43,124,107,10,26,6,0,0,32,10,0,2,15,0,2,12,7,1,1,,,,,,,0.06,1978-04-02
190,김현민20한2B,4,5,5,2,2,0,0,0,2,0,0,0,0,0,0,1,0,0,0,,,,,,,0.03,2000-02-03
191,토마스08한P,7,1,1,0,0,0,0,0,0,0,0,0,0,0,0,1,0,0,0,,,,,,,0.01,1977-10-22
192,이브랜드13한P,1,1,1,0,0,0,0,0,0,0,0,0,0,0,0,1,0,0,0,,,,,,,0.01,1983-10-29
193,앤서니13KP,1,1,1,0,0,0,0,0,0,0,0,0,0,0,0,1,0,0,0,,,,,,,0.01,1982-10-28
194,바티스타12한P,3,1,1,0,0,0,0,0,0,0,0,0,0,0,0,1,0,0,0,,,,,,,0.01,1980-08-23
195,헥터18KP,1,1,1,0,0,0,0,0,0,0,0,0,0,0,0,1,0,0,0,,,,,,,0.00,1987-01-26
196,캐세레스99두2B,62,183,168,21,42,8,2,3,63,17,2,4,10,0,0,13,4,5,0,,,,,,,0.00,1964-06-06
197,뮬렌00S3B,14,54,46,5,9,0,0,1,12,3,2,0,6,1,0,18,1,0,1,,,,,,,0.00,1967-06-23
198,오카모토10LP,1,0,0,0,0,0,0,0,0,0,0,0,0,0,0,0,0,0,0,,,,,,,0.00,1974-10-21
199,로마노07SP,3,0,0,0,0,0,0,0,0,0,0,0,0,0,0,0,0,0,0,,,,,,,0.00,1972-03-03
200,데폴라10한P,4,0,0,0,0,0,0,0,0,0,0,0,0,0,0,0,0,0,0,,,,,,,0.00,1982-12-31
201,코르테스08롯P,1,0,0,0,0,0,0,0,0,0,0,0,0,0,0,0,0,0,0,,,,,,,0.00,1973-10-15
202,오카모토10LP,1,0,0,0,0,0,0,0,0,0,0,0,0,0,0,0,0,0,0,,,,,,,0.00,1974-10-21
203,로마노07SP,3,0,0,0,0,0,0,0,0,0,0,0,0,0,0,0,0,0,0,,,,,,,0.00,1972-03-03
204,카브레라07롯P,2,0,0,0,0,0,0,0,0,0,0,0,0,0,0,0,0,0,0,,,,,,,0.00,1972-03-24
205,험버15KP,1,0,0,0,0,0,0,0,0,0,0,0,0,0,0,0,0,0,0,,,,,,,0.00,1982-12-21
206,레이번07SP,1,0,0,0,0,0,0,0,0,0,0,0,0,0,0,0,0,0,0,,,,,,,0.00,1974-11-22
207,니퍼트15두P,1,0,0,0,0,0,0,0,0,0,0,0,0,0,0,0,0,0,0,,,,,,,0.00,1981-05-06
208,애킨스09롯P,2,0,0,0,0,0,0,0,0,0,0,0,0,0,0,0,0,0,0,,,,,,,0.00,1977-08-30
209,카도쿠라09SP,1,0,0,0,0,0,0,0,0,0,0,0,0,0,0,0,0,0,0,,,,,,,0.00,1973-03-09
210,서폴드19한P,1,0,0,0,0,0,0,0,0,0,0,0,0,0,0,0,0,0,0,,,,,,,0.00,1990-01-16
211,토마스09한P,2,0,0,0,0,0,0,0,0,0,0,0,0,0,0,0,0,0,0,,,,,,,0.00,1977-10-22
212,션헨12한P,2,0,0,0,0,0,0,0,0,0,0,0,0,0,0,0,0,0,0,,,,,,,0.00,1981-04-23
213,사도스키12롯P,1,0,0,0,0,0,0,0,0,0,0,0,0,0,0,0,0,0,0,,,,,,,0.00,1982-10-04
214,나이트12넥P,1,0,0,0,0,0,0,0,0,0,0,0,0,0,0,0,0,0,0,,,,,,,0.00,1975-10-01
215,팻딘18KP,2,0,0,0,0,0,0,0,0,0,0,0,0,0,0,0,0,0,0,,,,,,,0.00,1989-05-25
216,프록터12두P,6,0,0,0,0,0,0,0,0,0,0,0,0,0,0,0,0,0,0,,,,,,,0.00,1977-01-02
217,브리검18넥P,1,0,0,0,0,0,0,0,0,0,0,0,0,0,0,0,0,0,0,,,,,,,0.00,1988-02-10
218,소사16LP,2,0,0,0,0,0,0,0,0,0,0,0,0,0,0,0,0,0,0,,,,,,,0.00,1985-07-28
219,라라16SP,1,0,0,0,0,0,0,0,0,0,0,0,0,0,0,0,0,0,0,,,,,,,0.00,1988-12-20
220,헥터16KP,3,0,0,0,0,0,0,0,0,0,0,0,0,0,0,0,0,0,0,,,,,,,0.00,1987-01-26
221,어센시오14KP,3,0,0,0,0,0,0,0,0,0,0,0,0,0,0,0,0,0,0,,,,,,,0.00,1984-05-05
222,오재영16넥P,1,0,0,0,0,0,0,0,0,0,0,0,0,0,0,0,0,0,0,,,,,,,0.00,1985-03-31
223,김동혁20키P,1,0,0,0,0,0,0,0,0,0,0,0,0,0,0,0,0,0,0,,,,,,,0.00,2001-12-27
224,밴덴헐크14삼P,1,0,0,0,0,0,0,0,0,0,0,0,0,0,0,0,0,0,0,,,,,,,0.00,1985-05-22
225,디아즈08KP,1,0,0,0,0,0,0,0,0,0,0,0,0,0,0,0,0,0,0,,,,,,,0.00,1980-07-27
226,로저스16한P,1,0,0,0,0,0,0,0,0,0,0,0,0,0,0,0,0,0,0,,,,,,,0.00,1985-08-14
227,레일리16롯P,1,0,0,0,0,0,0,0,0,0,0,0,0,0,0,0,0,0,0,,,,,,,0.00,1988-06-29
228,니퍼트14두P,1,0,0,0,0,0,0,0,0,0,0,0,0,0,0,0,0,0,0,,,,,,,0.00,1981-05-06
229,로페즈11KP,1,0,0,0,0,0,0,0,0,0,0,0,0,0,0,0,0,0,0,,,,,,,0.00,1975-04-21
230,얀08SP,2,0,0,0,0,0,0,0,0,0,0,0,0,0,0,0,0,0,0,,,,,,,0.00,1975-06-22
231,데폴라11한P,2,0,0,0,0,0,0,0,0,0,0,0,0,0,0,0,0,0,0,,,,,,,0.00,1982-12-31
232,다카쓰08히P,3,0,0,0,0,0,0,0,0,0,0,0,0,0,0,0,0,0,0,,,,,,,0.00,1968-11-25
233,레이어08두P,2,0,0,0,0,0,0,0,0,0,0,0,0,0,0,0,0,0,0,,,,,,,0.00,1977-08-03
234,탈보트15한P,1,0,0,0,0,0,0,0,0,0,0,0,0,0,0,0,0,0,0,,,,,,,0.00,1983-10-17
235,오넬리11한P,2,1,1,0,0,0,0,0,0,0,0,0,0,0,0,0,0,0,0,,,,,,,-0.02,1983-05-26
236,콜00SP,1,1,1,0,0,0,0,0,0,0,0,0,0,0,0,0,0,0,0,,,,,,,-0.02,1968-01-23
237,레스04두P,1,1,1,0,0,0,0,0,0,0,0,0,0,0,0,0,0,0,0,,,,,,,-0.02,1973-01-10
238,라이블리20삼,1,1,1,0,0,0,0,0,0,0,0,0,0,0,0,0,0,0,0,,,,,,,-0.02,1992-03-05
239,스틴슨15K,2,1,1,0,0,0,0,0,0,0,0,0,0,0,0,1,0,0,0,,,,,,,-0.03,1988-03-14
240,피코타03한P,3,2,1,0,0,0,0,0,0,0,0,0,0,0,0,1,0,1,0,,,,,,,-0.05,1966-07-23
241,리오스07롯3B,38,142,134,12,31,7,0,2,44,17,0,1,4,1,0,18,3,0,3,,,,,,,-0.05,1972-10-13
242,보이03롯,7,23,21,0,4,2,0,0,6,0,0,0,2,0,0,11,0,0,0,,,,,,,-0.05,1966-04-16
243,해즐베이커19KCF,11,46,41,5,6,2,0,2,14,5,1,1,4,1,0,18,0,0,0,,,,,,,-0.06,1987-08-14
244,니일01두1B,17,68,57,7,11,4,0,1,18,3,0,0,10,1,0,15,2,0,0,,,,,,,-0.06,1965-09-14
245,스캇06K3B,48,169,153,10,25,1,1,6,46,14,0,0,10,5,1,37,5,0,1,,,,,,,-0.09,1975-05-17
246,워스17SDH,3,11,9,0,1,0,0,0,1,0,0,0,2,0,0,2,1,0,0,,,,,,,-0.11,1985-09-30
247,이시온04롯,4,14,12,1,1,0,0,0,1,1,0,0,2,0,0,7,0,0,0,,,,,,,-0.13,1975-09-24
248,메히아03한,30,120,112,9,29,3,0,3,41,13,1,4,2,1,0,23,3,3,2,,,,,,,-0.15,1972-04-14
249,가코11삼DH,58,220,189,21,46,8,0,1,57,28,0,1,22,5,0,34,12,0,4,,,,,,,-0.18,1981-01-02
250,카날리99현3B,17,40,38,2,7,0,0,1,10,3,0,0,2,0,0,4,2,0,0,,,,,,,-0.20,1965-08-01
251,왓슨09두DH,10,42,38,3,7,1,0,2,14,6,0,0,4,0,1,5,1,0,0,,,,,,,-0.21,1978-09-05
252,브링클리00현,27,100,91,9,19,1,0,3,29,14,2,0,6,0,0,25,4,0,3,,,,,,,-0.21,1968-12-23
253,타바레스01해LF,46,197,177,24,42,6,1,1,53,14,10,5,16,2,0,26,2,2,0,,,,,,,-0.21,1971-03-26
254,베로아02롯,11,35,31,1,3,1,0,1,7,3,0,0,3,0,0,15,0,0,1,,,,,,,-0.27,1965-03-18
255,퀸란02L3B,13,28,21,0,0,0,0,0,0,0,0,0,3,3,0,10,0,1,0,,,,,,,-0.28,1968-03-27
256,부시98한DH,76,259,240,20,51,11,1,10,94,28,0,0,16,1,2,81,11,1,1,,,,,,,-0.31,1968-07-07
257,임종찬20한RF,52,119,108,5,25,5,0,1,33,12,0,1,9,1,0,38,2,1,0,,,,,,,-0.32,2001-09-28
258,루츠15두3B,8,30,27,2,3,0,0,1,6,3,0,0,2,0,0,6,1,0,1,,,,,,,-0.34,1986-06-03
259,디아즈04한DH,70,224,187,25,39,12,0,7,72,26,2,5,22,5,0,27,9,6,4,,,,,,,-0.35,1971-09-29
260,헤어98해1B,29,72,68,3,14,3,0,0,17,3,0,0,4,0,0,25,3,0,0,,,,,,,-0.36,1967-03-26
261,포조00해3B,39,130,122,11,26,3,0,1,32,8,1,0,6,0,0,17,4,0,2,,,,,,,-0.42,1973-08-24
262,모터20키3B,10,37,35,4,4,0,0,1,7,3,0,0,1,0,0,10,0,0,1,,,,,,,-0.43,1989-09-18
263,반슬라이크18두RF,12,44,39,1,5,1,0,1,9,4,0,0,4,0,0,6,2,0,1,,,,,,,-0.43,1986-07-24
264,해처02롯,25,73,68,6,11,1,0,1,15,5,0,0,2,2,0,22,2,0,1,,,,,,,-0.47,1969-01-07
265,로페즈04삼DH,22,76,68,6,11,0,0,3,20,8,0,0,6,1,1,20,2,0,1,,,,,,,-0.47,1974-10-15
266,대니돈17넥1B,20,57,50,5,7,2,0,1,12,2,0,0,7,0,0,16,3,0,0,,,,,,,-0.48,1984-07-20
267,호잉20한RF,34,134,124,12,24,4,0,4,40,14,5,3,9,1,0,34,4,0,0,,,,,,,-0.54,1989-05-18
268,모넬17k1B,28,105,85,10,14,4,0,2,24,9,2,1,17,1,1,28,2,0,2,,,,,,,-0.55,1986-03-27
269,최인호20한LF,47,135,127,8,30,0,0,0,30,8,0,0,4,1,0,34,3,1,2,,,,,,,-0.72,2000-01-30
270,파레디스18두RF,21,71,65,7,9,2,1,1,16,4,1,0,4,1,1,17,0,0,1,,,,,,,-0.73,1988-11-25
